,AGE,DAYS OF EX,conc (ng/ul),E260/280,E260/230,sec conc (ng/ul),sec E260/280,sec E260/230,ENV COND_B,ENV COND_NE,ENV COND_OV,ENV COND_S
count,44.0,44.0,44.0,44.0,44.0,44.0,44.0,44.0,44.0,44.0,44.0,44.0
mean,33.06818181818182,17.5,138.97727272727272,0.9118181818181817,0.49227272727272736,187.5909090909091,0.965,0.4513636363636365,0.25,0.25,0.18181818181818182,0.3181818181818182
std,18.382749405002063,7.177160156146492,236.8974352336808,0.7413854809002135,0.37912913450993113,174.14005565980747,0.4290253963318191,0.31725267539026886,0.4380187953915666,0.4380187953915666,0.390153653257413,0.4711552981879444
min,7.0,4.0,-21.0,0.0,0.0,0.0,0.0,0.0,0.0,0.0,0.0,0.0
25%,17.75,15.75,0.0,0.0,0.0,67.5,1.0975000000000001,0.195,0.0,0.0,0.0,0.0
50%,33.0,18.0,17.5,1.11,0.625,163.5,1.12,0.48,0.0,0.0,0.0,0.0
75%,48.25,21.0,145.5,1.3,0.7975,254.25,1.15,0.78,0.25,0.25,0.0,1.0
max,72.0,29.0,867.0,3.11,1.01,774.0,1.37,0.89,1.0,1.0,1.0,1.0
